{"stats":{"minecraft:killed_by":{"minecraft:spider":1,"minecraft:iron_golem":1,"minecraft:skeleton":1},"minecraft:killed":{"minecraft:spider":4,"minecraft:skeleton":3,"minecraft:drowned":2,"minecraft:pig":4,"minecraft:iron_golem":2,"minecraft:creeper":1,"minecraft:zombie":19,"minecraft:enderman":2,"minecraft:cow":1},"minecraft:custom":{"minecraft:mob_kills":38,"minecraft:interact_with_crafting_table":41,"minecraft:bell_ring":1,"minecraft:leave_game":2,"minecraft:time_since_death":11070,"minecraft:climb_one_cm":2252,"minecraft:sprint_one_cm":291937,"minecraft:walk_one_cm":408075,"minecraft:drop":62,"minecraft:talked_to_villager":24,"minecraft:play_time":120696,"minecraft:deaths":3,"minecraft:sneak_time":6634,"minecraft:walk_under_water_one_cm":5516,"minecraft:boat_one_cm":5940,"minecraft:jump":1699,"minecraft:walk_on_water_one_cm":5016,"minecraft:total_world_time":120696,"minecraft:interact_with_furnace":94,"minecraft:traded_with_villager":93,"minecraft:sleep_in_bed":2,"minecraft:time_since_rest":11147,"minecraft:damage_taken":1928,"minecraft:damage_dealt":9295,"minecraft:fly_one_cm":252049,"minecraft:swim_one_cm":2516,"minecraft:open_chest":99,"minecraft:crouch_one_cm":18279,"minecraft:fall_one_cm":46200},"minecraft:crafted":{"minecraft:oak_planks":444,"minecraft:stone_shovel":1,"minecraft:cooked_chicken":1,"minecraft:furnace":1,"minecraft:jungle_trapdoor":4,"minecraft:stone":8,"minecraft:yellow_bed":2,"minecraft:bone_meal":90,"minecraft:cooked_mutton":2,"minecraft:oak_trapdoor":4,"minecraft:glass":94,"minecraft:iron_axe":4,"minecraft:stone_pickaxe":1,"minecraft:chest":8,"minecraft:jungle_stairs":60,"minecraft:stone_hoe":1,"minecraft:wheat":198,"minecraft:oak_slab":6,"minecraft:emerald":79,"minecraft:cooked_porkchop":4,"minecraft:crafting_table":22,"minecraft:jungle_boat":1,"minecraft:wooden_pickaxe":1,"minecraft:baked_potato":1,"minecraft:smithing_table":1,"minecraft:fletching_table":2,"minecraft:bucket":1,"minecraft:stone_axe":11,"minecraft:jungle_slab":42,"minecraft:bread":64,"minecraft:air":0,"minecraft:jungle_planks":1856,"minecraft:diamond_pickaxe":1,"minecraft:wooden_hoe":1,"minecraft:stick":2562,"minecraft:iron_ingot":64,"minecraft:iron_pickaxe":1,"minecraft:wooden_axe":1,"minecraft:iron_shovel":4,"minecraft:stonecutter":1,"minecraft:white_bed":3,"minecraft:composter":1},"minecraft:picked_up":{"minecraft:cocoa_beans":4,"minecraft:crafting_table":15,"minecraft:wheat":1,"minecraft:yellow_wool":7,"minecraft:string":1,"minecraft:iron_axe":3,"minecraft:beetroot":1,"minecraft:jungle_sapling":3,"minecraft:egg":2,"minecraft:raw_iron":2,"minecraft:stick":253,"minecraft:composter":8,"minecraft:porkchop":4,"minecraft:carrot":170,"minecraft:rotten_flesh":31,"minecraft:arrow":2,"minecraft:beetroot_seeds":8,"minecraft:jungle_stairs":65,"minecraft:hay_block":22,"minecraft:mutton":2,"minecraft:cobblestone":174,"minecraft:white_wool":18,"minecraft:jungle_log":1675,"minecraft:potato":11,"minecraft:flint":4,"minecraft:oak_log":199,"minecraft:yellow_bed":18,"minecraft:gunpowder":1,"minecraft:dirt":590,"minecraft:bone":34,"minecraft:bow":2,"minecraft:wheat_seeds":78,"minecraft:iron_ingot":9,"minecraft:fletching_table":1,"minecraft:bamboo":162,"minecraft:stone_hoe":2,"minecraft:oak_planks":22,"minecraft:dandelion":3,"minecraft:gravel":34,"minecraft:jungle_planks":60,"minecraft:sand":94,"minecraft:blast_furnace":1,"minecraft:white_bed":10,"minecraft:grass_block":1,"minecraft:jungle_slab":22,"minecraft:spider_eye":1,"minecraft:stone_axe":9,"minecraft:granite":1,"minecraft:emerald":22,"minecraft:bread":30,"minecraft:oak_sapling":8,"minecraft:coal":76},"minecraft:broken":{"minecraft:iron_axe":1,"minecraft:wooden_axe":1},"minecraft:used":{"minecraft:oak_trapdoor":3,"minecraft:iron_shovel":650,"minecraft:stone_shovel":55,"minecraft:chest":8,"minecraft:rotten_flesh":3,"minecraft:stone_hoe":115,"minecraft:dirt":169,"minecraft:mutton":2,"minecraft:jungle_planks":179,"minecraft:carrot":172,"minecraft:jungle_slab":20,"minecraft:jungle_trapdoor":4,"minecraft:glass":86,"minecraft:wooden_axe":43,"minecraft:grass_block":1,"minecraft:iron_axe":413,"minecraft:jungle_log":201,"minecraft:bamboo":38,"minecraft:furnace":1,"minecraft:cooked_mutton":2,"minecraft:water_bucket":2,"minecraft:stone_pickaxe":113,"minecraft:baked_potato":1,"minecraft:oak_planks":143,"minecraft:wooden_pickaxe":3,"minecraft:composter":9,"minecraft:fletching_table":3,"minecraft:jungle_boat":1,"minecraft:oak_slab":6,"minecraft:crafting_table":23,"minecraft:blast_furnace":1,"minecraft:white_bed":9,"minecraft:wooden_hoe":25,"minecraft:bread":11,"minecraft:iron_pickaxe":39,"minecraft:jungle_stairs":103,"minecraft:gravel":13,"minecraft:stone_axe":16,"minecraft:cobblestone":11,"minecraft:cooked_porkchop":4,"minecraft:smithing_table":1,"minecraft:bucket":2,"minecraft:yellow_bed":18,"minecraft:bone_meal":89},"minecraft:mined":{"minecraft:white_bed":5,"minecraft:jungle_slab":16,"minecraft:granite":1,"minecraft:grass_block":203,"minecraft:jungle_planks":61,"minecraft:jungle_log":82,"minecraft:composter":8,"minecraft:hay_block":23,"minecraft:carrots":50,"minecraft:iron_ore":2,"minecraft:fletching_table":1,"minecraft:potatoes":3,"minecraft:vine":16,"minecraft:dirt_path":23,"minecraft:bamboo":14,"minecraft:stone":99,"minecraft:white_wool":9,"minecraft:oak_slab":1,"minecraft:dandelion":2,"minecraft:crafting_table":14,"minecraft:jungle_stairs":69,"minecraft:blast_furnace":1,"minecraft:glass":5,"minecraft:tall_grass":24,"minecraft:copper_ore":1,"minecraft:cobblestone":5,"minecraft:oak_planks":22,"minecraft:yellow_wool":9,"minecraft:wheat":10,"minecraft:yellow_bed":16,"minecraft:grass":103,"minecraft:oak_log":22,"minecraft:coal_ore":25,"minecraft:beetroots":5,"minecraft:gravel":50,"minecraft:sand":109,"minecraft:dirt":293,"minecraft:oak_leaves":6,"minecraft:fern":1},"minecraft:dropped":{"minecraft:stone_hoe":3,"minecraft:iron_ingot":5,"minecraft:bread":62,"minecraft:wheat_seeds":56,"minecraft:oak_log":44,"minecraft:cobblestone":130,"minecraft:stick":192,"minecraft:jungle_slab":5,"minecraft:dirt":219,"minecraft:wooden_hoe":1,"minecraft:jungle_sapling":3,"minecraft:stonecutter":1,"minecraft:iron_axe":4,"minecraft:white_wool":10,"minecraft:bone":2,"minecraft:stone_axe":10,"minecraft:oak_trapdoor":1,"minecraft:cooked_chicken":1,"minecraft:cocoa_beans":4,"minecraft:wheat":6,"minecraft:rotten_flesh":3,"minecraft:oak_planks":11,"minecraft:stone":5,"minecraft:diamond_pickaxe":1,"minecraft:jungle_log":62,"minecraft:bow":1,"minecraft:stone_pickaxe":1,"minecraft:egg":1}},"DataVersion":3465}