{"stats":{"minecraft:killed":{"minecraft:spider":8,"minecraft:skeleton":13,"minecraft:chicken":5,"minecraft:axolotl":1,"minecraft:pig":6,"minecraft:creeper":3,"minecraft:sheep":9,"minecraft:zombie":23,"minecraft:cow":4},"minecraft:custom":{"minecraft:mob_kills":74,"minecraft:interact_with_crafting_table":27,"minecraft:bell_ring":1,"minecraft:leave_game":2,"minecraft:time_since_death":116824,"minecraft:climb_one_cm":1254,"minecraft:sprint_one_cm":311275,"minecraft:walk_one_cm":350586,"minecraft:damage_blocked_by_shield":345,"minecraft:drop":43,"minecraft:talked_to_villager":1,"minecraft:play_time":131785,"minecraft:deaths":1,"minecraft:sneak_time":8578,"minecraft:walk_under_water_one_cm":13350,"minecraft:jump":2620,"minecraft:walk_on_water_one_cm":19134,"minecraft:total_world_time":131785,"minecraft:interact_with_furnace":44,"minecraft:time_since_rest":116918,"minecraft:damage_taken":948,"minecraft:damage_dealt":10975,"minecraft:swim_one_cm":20904,"minecraft:player_kills":1,"minecraft:fly_one_cm":356062,"minecraft:open_chest":10,"minecraft:crouch_one_cm":23937,"minecraft:fall_one_cm":66378},"minecraft:crafted":{"minecraft:oak_planks":240,"minecraft:cooked_chicken":2,"minecraft:furnace":2,"minecraft:cooked_mutton":6,"minecraft:iron_boots":1,"minecraft:stone_pickaxe":3,"minecraft:wheat":306,"minecraft:cooked_porkchop":10,"minecraft:crafting_table":2,"minecraft:wooden_pickaxe":1,"minecraft:iron_helmet":1,"minecraft:iron_sword":1,"minecraft:bucket":1,"minecraft:stone_axe":2,"minecraft:bread":102,"minecraft:air":0,"minecraft:jungle_planks":48,"minecraft:iron_chestplate":1,"minecraft:golden_apple":6,"minecraft:shield":1,"minecraft:stick":24,"minecraft:iron_ingot":43,"minecraft:iron_pickaxe":1,"minecraft:wooden_axe":1,"minecraft:gold_ingot":50,"minecraft:iron_leggings":1},"minecraft:picked_up":{"minecraft:wooden_axe":1,"minecraft:cocoa_beans":4,"minecraft:crafting_table":16,"minecraft:chicken":2,"minecraft:wooden_pickaxe":1,"minecraft:gold_block":3,"minecraft:golden_shovel":1,"minecraft:shield":1,"minecraft:string":7,"minecraft:cobbled_deepslate":20,"minecraft:beef":6,"minecraft:iron_nugget":12,"minecraft:iron_pickaxe":1,"minecraft:sugar_cane":1,"minecraft:chest":2,"minecraft:egg":1,"minecraft:furnace":6,"minecraft:golden_helmet":1,"minecraft:stick":8,"minecraft:raw_iron":133,"minecraft:porkchop":10,"minecraft:diorite":2,"minecraft:redstone":2,"minecraft:rotten_flesh":6,"minecraft:arrow":17,"minecraft:hay_block":34,"minecraft:gold_ingot":9,"minecraft:glistering_melon_slice":12,"minecraft:mutton":12,"minecraft:cobblestone":139,"minecraft:white_wool":8,"minecraft:feather":4,"minecraft:glow_ink_sac":3,"minecraft:jungle_log":12,"minecraft:leather":4,"minecraft:brown_wool":1,"minecraft:flint":5,"minecraft:tuff":3,"minecraft:oak_log":61,"minecraft:gunpowder":1,"minecraft:lapis_lazuli":76,"minecraft:dirt":18,"minecraft:bone":18,"minecraft:apple":1,"minecraft:bow":3,"minecraft:wheat_seeds":2,"minecraft:raw_gold":86,"minecraft:iron_ingot":5,"minecraft:stone_pickaxe":1,"minecraft:oak_planks":36,"minecraft:cooked_porkchop":1,"minecraft:jungle_planks":30,"minecraft:amethyst_shard":12,"minecraft:diamond":4,"minecraft:golden_apple":9,"minecraft:bread":32,"minecraft:oak_sapling":2,"minecraft:black_wool":1,"minecraft:netherrack":42,"minecraft:coal":210},"minecraft:broken":{"minecraft:stone_pickaxe":2,"minecraft:stone_axe":1,"minecraft:wooden_axe":1},"minecraft:used":{"minecraft:shield":13,"minecraft:iron_sword":52,"minecraft:rotten_flesh":3,"minecraft:netherrack":21,"minecraft:dirt":18,"minecraft:mutton":2,"minecraft:jungle_planks":26,"minecraft:tuff":3,"minecraft:wooden_axe":39,"minecraft:iron_helmet":1,"minecraft:bow":3,"minecraft:oak_sapling":1,"minecraft:furnace":7,"minecraft:egg":1,"minecraft:cobbled_deepslate":8,"minecraft:cooked_mutton":6,"minecraft:water_bucket":18,"minecraft:stone_pickaxe":349,"minecraft:oak_planks":68,"minecraft:wooden_pickaxe":27,"minecraft:crafting_table":16,"minecraft:apple":2,"minecraft:bread":7,"minecraft:iron_pickaxe":132,"minecraft:stone_axe":106,"minecraft:cobblestone":28,"minecraft:cooked_porkchop":3,"minecraft:bucket":19},"minecraft:mined":{"minecraft:large_amethyst_bud":1,"minecraft:tuff":4,"minecraft:deepslate_diamond_ore":4,"minecraft:jungle_leaves":1,"minecraft:grass_block":18,"minecraft:jungle_log":12,"minecraft:moss_block":1,"minecraft:spawner":2,"minecraft:hay_block":33,"minecraft:furnace":5,"minecraft:iron_ore":67,"minecraft:andesite":1,"minecraft:deepslate_lapis_ore":11,"minecraft:gold_block":2,"minecraft:deepslate_iron_ore":65,"minecraft:vine":2,"minecraft:small_amethyst_bud":1,"minecraft:bamboo":3,"minecraft:stone":104,"minecraft:podzol":1,"minecraft:deepslate_redstone_ore":5,"minecraft:glass_pane":4,"minecraft:amethyst_cluster":4,"minecraft:crafting_table":16,"minecraft:melon":5,"minecraft:chest":1,"minecraft:tall_grass":1,"minecraft:deepslate_gold_ore":75,"minecraft:lapis_ore":1,"minecraft:oak_planks":3,"minecraft:diorite":2,"minecraft:big_dripleaf":1,"minecraft:birch_leaves":1,"minecraft:grass":18,"minecraft:coal_ore":77,"minecraft:oak_log":19,"minecraft:gravel":1,"minecraft:cobweb":7,"minecraft:netherrack":1,"minecraft:gold_ore":11,"minecraft:oak_leaves":5,"minecraft:deepslate":62,"minecraft:fern":1},"minecraft:dropped":{"minecraft:bread":32,"minecraft:wheat_seeds":2,"minecraft:lapis_lazuli":13,"minecraft:glow_ink_sac":3,"minecraft:feather":4,"minecraft:cobblestone":1,"minecraft:coal":1,"minecraft:golden_apple":8,"minecraft:diorite":2,"minecraft:brown_wool":1,"minecraft:glistering_melon_slice":12,"minecraft:string":5,"minecraft:bone":18,"minecraft:redstone":2,"minecraft:sugar_cane":1,"minecraft:iron_nugget":3,"minecraft:cobbled_deepslate":12,"minecraft:cocoa_beans":2,"minecraft:rotten_flesh":3,"minecraft:gunpowder":1,"minecraft:wooden_pickaxe":1}},"DataVersion":3465}