{"stats":{"minecraft:custom":{"minecraft:interact_with_furnace":33,"minecraft:mob_kills":27,"minecraft:interact_with_crafting_table":17,"minecraft:bell_ring":1,"minecraft:leave_game":1,"minecraft:time_since_death":46828,"minecraft:climb_one_cm":86,"minecraft:time_since_rest":46922,"minecraft:sprint_one_cm":93262,"minecraft:damage_taken":480,"minecraft:walk_one_cm":160135,"minecraft:damage_blocked_by_shield":80,"minecraft:drop":14,"minecraft:damage_dealt":3484,"minecraft:talked_to_villager":1,"minecraft:swim_one_cm":14636,"minecraft:fly_one_cm":133104,"minecraft:open_chest":5,"minecraft:crouch_one_cm":7830,"minecraft:play_time":61789,"minecraft:deaths":1,"minecraft:sneak_time":3046,"minecraft:walk_under_water_one_cm":6139,"minecraft:jump":975,"minecraft:walk_on_water_one_cm":4554,"minecraft:total_world_time":61789,"minecraft:fall_one_cm":28162},"minecraft:broken":{"minecraft:stone_pickaxe":1,"minecraft:wooden_axe":1},"minecraft:crafted":{"minecraft:oak_planks":60,"minecraft:cooked_porkchop":7,"minecraft:crafting_table":2,"minecraft:cooked_chicken":2,"minecraft:wooden_pickaxe":1,"minecraft:furnace":1,"minecraft:stone_axe":1,"minecraft:bread":102,"minecraft:cooked_mutton":6,"minecraft:air":0,"minecraft:jungle_planks":48,"minecraft:golden_apple":6,"minecraft:shield":1,"minecraft:stick":24,"minecraft:iron_ingot":24,"minecraft:iron_pickaxe":1,"minecraft:stone_pickaxe":2,"minecraft:wooden_axe":1,"minecraft:gold_ingot":50,"minecraft:wheat":306},"minecraft:mined":{"minecraft:tuff":4,"minecraft:glass_pane":4,"minecraft:jungle_leaves":1,"minecraft:crafting_table":8,"minecraft:grass_block":18,"minecraft:chest":1,"minecraft:jungle_log":12,"minecraft:deepslate_gold_ore":32,"minecraft:oak_planks":1,"minecraft:diorite":2,"minecraft:hay_block":33,"minecraft:furnace":3,"minecraft:iron_ore":11,"minecraft:birch_leaves":1,"minecraft:deepslate_lapis_ore":11,"minecraft:gold_block":2,"minecraft:grass":9,"minecraft:coal_ore":50,"minecraft:oak_log":14,"minecraft:deepslate_iron_ore":11,"minecraft:vine":2,"minecraft:gravel":1,"minecraft:stone":74,"minecraft:netherrack":1,"minecraft:oak_leaves":3,"minecraft:deepslate":53,"minecraft:fern":1},"minecraft:killed":{"minecraft:pig":5,"minecraft:spider":1,"minecraft:creeper":1,"minecraft:sheep":6,"minecraft:skeleton":6,"minecraft:zombie":5,"minecraft:chicken":2},"minecraft:used":{"minecraft:stone_pickaxe":179,"minecraft:oak_planks":12,"minecraft:shield":3,"minecraft:wooden_pickaxe":27,"minecraft:rotten_flesh":3,"minecraft:netherrack":21,"minecraft:mutton":2,"minecraft:dirt":18,"minecraft:crafting_table":9,"minecraft:tuff":3,"minecraft:wooden_axe":39,"minecraft:apple":1,"minecraft:iron_pickaxe":50,"minecraft:stone_axe":32,"minecraft:cobblestone":10,"minecraft:oak_sapling":1,"minecraft:furnace":3,"minecraft:cooked_porkchop":3,"minecraft:egg":1,"minecraft:cobbled_deepslate":8},"minecraft:dropped":{"minecraft:wheat_seeds":2,"minecraft:lapis_lazuli":13,"minecraft:iron_nugget":3,"minecraft:glow_ink_sac":3,"minecraft:cobbled_deepslate":9,"minecraft:cocoa_beans":2,"minecraft:feather":4,"minecraft:diorite":2,"minecraft:brown_wool":1,"minecraft:glistering_melon_slice":12},"minecraft:picked_up":{"minecraft:wooden_axe":1,"minecraft:cocoa_beans":4,"minecraft:crafting_table":9,"minecraft:feather":4,"minecraft:chicken":2,"minecraft:glow_ink_sac":3,"minecraft:jungle_log":12,"minecraft:brown_wool":1,"minecraft:wooden_pickaxe":1,"minecraft:gold_block":3,"minecraft:golden_shovel":1,"minecraft:flint":5,"minecraft:tuff":3,"minecraft:oak_log":16,"minecraft:shield":1,"minecraft:lapis_lazuli":76,"minecraft:dirt":18,"minecraft:string":5,"minecraft:bone":11,"minecraft:apple":1,"minecraft:bow":2,"minecraft:wheat_seeds":2,"minecraft:cobbled_deepslate":17,"minecraft:raw_gold":32,"minecraft:stone_pickaxe":1,"minecraft:iron_nugget":12,"minecraft:iron_pickaxe":1,"minecraft:chest":2,"minecraft:oak_planks":34,"minecraft:egg":1,"minecraft:furnace":4,"minecraft:golden_helmet":1,"minecraft:stick":8,"minecraft:raw_iron":23,"minecraft:cooked_porkchop":1,"minecraft:jungle_planks":30,"minecraft:porkchop":7,"minecraft:diorite":2,"minecraft:redstone":2,"minecraft:arrow":10,"minecraft:rotten_flesh":3,"minecraft:hay_block":34,"minecraft:golden_apple":1,"minecraft:gold_ingot":9,"minecraft:glistering_melon_slice":12,"minecraft:oak_sapling":2,"minecraft:netherrack":42,"minecraft:mutton":8,"minecraft:coal":184,"minecraft:white_wool":7,"minecraft:cobblestone":108}},"DataVersion":3465}