{"stats":{"minecraft:killed_by":{"minecraft:skeleton":1},"minecraft:killed":{"minecraft:slime":1,"minecraft:skeleton":2},"minecraft:crafted":{"minecraft:smooth_stone":3,"minecraft:oak_planks":44,"minecraft:smooth_stone_slab":6,"minecraft:stone":3,"minecraft:cobblestone_stairs":28,"minecraft:air":0,"minecraft:jungle_planks":4,"minecraft:stick":8,"minecraft:iron_ingot":22,"minecraft:chest":2,"minecraft:armor_stand":1},"minecraft:custom":{"minecraft:interact_with_furnace":7,"minecraft:mob_kills":3,"minecraft:interact_with_crafting_table":8,"minecraft:leave_game":1,"minecraft:time_since_death":26124,"minecraft:climb_one_cm":219,"minecraft:time_since_rest":26153,"minecraft:sprint_one_cm":120787,"minecraft:damage_taken":591,"minecraft:walk_one_cm":204415,"minecraft:damage_blocked_by_shield":550,"minecraft:drop":1,"minecraft:damage_dealt":932,"minecraft:fly_one_cm":66492,"minecraft:open_chest":31,"minecraft:crouch_one_cm":6231,"minecraft:play_time":58214,"minecraft:deaths":1,"minecraft:sneak_time":2140,"minecraft:walk_under_water_one_cm":5234,"minecraft:jump":758,"minecraft:walk_on_water_one_cm":14780,"minecraft:total_world_time":58214,"minecraft:fall_one_cm":17672},"minecraft:picked_up":{"minecraft:iron_chestplate":1,"minecraft:wheat":11,"minecraft:clay_ball":36,"minecraft:jungle_log":1,"minecraft:andesite":2,"minecraft:potato":8,"minecraft:oak_log":11,"minecraft:chain":3,"minecraft:shield":1,"minecraft:cobblestone_stairs":6,"minecraft:lapis_lazuli":98,"minecraft:string":3,"minecraft:dirt":151,"minecraft:moss_carpet":10,"minecraft:iron_leggings":1,"minecraft:bone":9,"minecraft:wheat_seeds":43,"minecraft:cobbled_deepslate":2,"minecraft:azalea":2,"minecraft:bamboo":3,"minecraft:moss_block":17,"minecraft:flowering_azalea":1,"minecraft:iron_boots":1,"minecraft:raw_iron":59,"minecraft:big_dripleaf":1,"minecraft:carrot":24,"minecraft:redstone":41,"minecraft:arrow":4,"minecraft:rotten_flesh":3,"minecraft:slime_ball":2,"minecraft:tropical_fish":1,"minecraft:oak_sapling":1,"minecraft:glow_berries":7,"minecraft:black_wool":1,"minecraft:coal":1,"minecraft:cobblestone":19},"minecraft:broken":{"minecraft:stone_pickaxe":1},"minecraft:used":{"minecraft:moss_block":14,"minecraft:wheat_seeds":12,"minecraft:cobblestone_stairs":28,"minecraft:armor_stand":1,"minecraft:stone_pickaxe":177,"minecraft:chest":2,"minecraft:shield":22,"minecraft:dirt":150,"minecraft:carrot":10,"minecraft:melon_slice":23,"minecraft:bamboo":32,"minecraft:cobblestone":1,"minecraft:andesite":2,"minecraft:potato":5},"minecraft:mined":{"minecraft:flowering_azalea":1,"minecraft:cobblestone_stairs":6,"minecraft:cave_vines_plant":3,"minecraft:grass_block":66,"minecraft:jungle_log":1,"minecraft:tall_grass":6,"minecraft:moss_block":5,"minecraft:chain":3,"minecraft:carrots":8,"minecraft:iron_ore":27,"minecraft:wheat":17,"minecraft:andesite":2,"minecraft:moss_carpet":1,"minecraft:deepslate_lapis_ore":17,"minecraft:dirt_path":26,"minecraft:grass":11,"minecraft:coal_ore":1,"minecraft:potatoes":2,"minecraft:oak_log":4,"minecraft:cave_vines":7,"minecraft:deepslate_iron_ore":32,"minecraft:dirt":59,"minecraft:bamboo_sapling":3,"minecraft:azalea":5,"minecraft:stone":19,"minecraft:oak_leaves":7},"minecraft:dropped":{"minecraft:azalea":1}},"DataVersion":3465}