{"stats":{"minecraft:picked_up":{"minecraft:cocoa_beans":6,"minecraft:crafting_table":7,"minecraft:feather":19,"minecraft:chicken":13,"minecraft:jungle_log":3,"minecraft:cut_sandstone":1,"minecraft:leather":4,"minecraft:wooden_pickaxe":1,"minecraft:gold_block":1,"minecraft:oak_log":21,"minecraft:dirt":36,"minecraft:lapis_lazuli":13,"minecraft:string":2,"minecraft:bone":4,"minecraft:kelp":3,"minecraft:wheat_seeds":25,"minecraft:iron_ingot":6,"minecraft:beef":6,"minecraft:stone_pickaxe":1,"minecraft:oak_boat":2,"minecraft:iron_nugget":3,"minecraft:poppy":2,"minecraft:melon_slice":76,"minecraft:oak_planks":5,"minecraft:egg":2,"minecraft:furnace":2,"minecraft:stick":12,"minecraft:raw_iron":9,"minecraft:porkchop":4,"minecraft:white_bed":1,"minecraft:spider_eye":1,"minecraft:stone_axe":1,"minecraft:hay_block":22,"minecraft:glistering_melon_slice":12,"minecraft:mutton":3,"minecraft:coal":69,"minecraft:white_wool":2,"minecraft:cobblestone":54,"minecraft:ender_pearl":1},"minecraft:used":{"minecraft:water_bucket":7,"minecraft:flint_and_steel":1,"minecraft:stone_pickaxe":53,"minecraft:oak_planks":18,"minecraft:wooden_pickaxe":25,"minecraft:cooked_chicken":4,"minecraft:dirt":36,"minecraft:crafting_table":6,"minecraft:lava_bucket":10,"minecraft:bread":6,"minecraft:melon_slice":6,"minecraft:iron_pickaxe":20,"minecraft:stone_axe":97,"minecraft:cobblestone":13,"minecraft:furnace":3,"minecraft:bucket":17,"minecraft:oak_boat":2,"minecraft:kelp":3,"minecraft:cooked_beef":5},"minecraft:crafted":{"minecraft:cooked_beef":6,"minecraft:oak_planks":84,"minecraft:crafting_table":1,"minecraft:iron_helmet":1,"minecraft:wooden_pickaxe":1,"minecraft:cooked_chicken":4,"minecraft:furnace":2,"minecraft:bucket":1,"minecraft:stone_axe":1,"minecraft:bread":66,"minecraft:air":0,"minecraft:jungle_planks":12,"minecraft:oak_boat":1,"minecraft:shield":1,"minecraft:stick":8,"minecraft:iron_ingot":9,"minecraft:iron_pickaxe":1,"minecraft:stone_pickaxe":1,"minecraft:wheat":198},"minecraft:killed_by":{"minecraft:creeper":1,"minecraft:spider":1,"minecraft:zombie":2,"minecraft:enderman":1},"minecraft:custom":{"minecraft:interact_with_furnace":24,"minecraft:mob_kills":24,"minecraft:interact_with_crafting_table":15,"minecraft:leave_game":6,"minecraft:time_since_death":873,"minecraft:climb_one_cm":2449,"minecraft:time_since_rest":1383,"minecraft:sprint_one_cm":300428,"minecraft:damage_taken":2354,"minecraft:walk_one_cm":116292,"minecraft:drop":5,"minecraft:damage_dealt":4182,"minecraft:swim_one_cm":28486,"minecraft:fly_one_cm":309561,"minecraft:talked_to_villager":8,"minecraft:open_chest":5,"minecraft:crouch_one_cm":6633,"minecraft:play_time":82852,"minecraft:deaths":6,"minecraft:sneak_time":2016,"minecraft:walk_under_water_one_cm":6268,"minecraft:boat_one_cm":199575,"minecraft:jump":1515,"minecraft:walk_on_water_one_cm":11182,"minecraft:total_world_time":82852,"minecraft:fall_one_cm":45767,"minecraft:horse_one_cm":1689},"minecraft:killed":{"minecraft:pig":3,"minecraft:spider":1,"minecraft:iron_golem":1,"minecraft:creeper":1,"minecraft:skeleton":1,"minecraft:sheep":2,"minecraft:zombie":1,"minecraft:chicken":9,"minecraft:enderman":1,"minecraft:cow":3},"minecraft:dropped":{"minecraft:wheat_seeds":1,"minecraft:cocoa_beans":3,"minecraft:cut_sandstone":1,"minecraft:white_wool":2,"minecraft:bone":1},"minecraft:mined":{"minecraft:cut_sandstone":1,"minecraft:white_bed":1,"minecraft:crafting_table":6,"minecraft:grass_block":29,"minecraft:melon":15,"minecraft:jungle_log":4,"minecraft:dead_bush":7,"minecraft:tall_grass":15,"minecraft:oak_planks":4,"minecraft:hay_block":23,"minecraft:furnace":2,"minecraft:iron_ore":7,"minecraft:fire":11,"minecraft:gold_block":1,"minecraft:grass":231,"minecraft:oak_log":7,"minecraft:coal_ore":37,"minecraft:vine":5,"minecraft:dirt":10,"minecraft:stone":32,"minecraft:oak_leaves":5,"minecraft:fern":41}},"DataVersion":3465}