{"stats":{"minecraft:killed_by":{"minecraft:creeper":1,"minecraft:spider":1,"minecraft:enderman":1,"minecraft:skeleton":1,"minecraft:zombie":2},"minecraft:killed":{"minecraft:spider":6,"minecraft:skeleton":3,"minecraft:chicken":9,"minecraft:pig":7,"minecraft:salmon":1,"minecraft:iron_golem":1,"minecraft:creeper":1,"minecraft:sheep":2,"minecraft:zombie":6,"minecraft:enderman":1,"minecraft:cow":3},"minecraft:custom":{"minecraft:mob_kills":43,"minecraft:interact_with_crafting_table":29,"minecraft:leave_game":8,"minecraft:time_since_death":72077,"minecraft:climb_one_cm":3653,"minecraft:sprint_one_cm":528102,"minecraft:walk_one_cm":292889,"minecraft:damage_blocked_by_shield":230,"minecraft:drop":21,"minecraft:talked_to_villager":14,"minecraft:play_time":170785,"minecraft:deaths":7,"minecraft:sneak_time":6066,"minecraft:walk_under_water_one_cm":7431,"minecraft:boat_one_cm":199575,"minecraft:jump":2630,"minecraft:interact_with_blast_furnace":2,"minecraft:walk_on_water_one_cm":13759,"minecraft:total_world_time":170785,"minecraft:interact_with_furnace":35,"minecraft:interact_with_stonecutter":7,"minecraft:time_since_rest":72104,"minecraft:damage_taken":3559,"minecraft:damage_dealt":6952,"minecraft:swim_one_cm":30543,"minecraft:fly_one_cm":503563,"minecraft:open_chest":12,"minecraft:crouch_one_cm":24782,"minecraft:fall_one_cm":74943,"minecraft:horse_one_cm":1689},"minecraft:crafted":{"minecraft:oak_planks":364,"minecraft:stone_shovel":3,"minecraft:cooked_chicken":4,"minecraft:furnace":3,"minecraft:stone":53,"minecraft:oak_trapdoor":4,"minecraft:iron_axe":1,"minecraft:stone_pickaxe":3,"minecraft:chiseled_stone_bricks":4,"minecraft:wheat":270,"minecraft:cooked_beef":6,"minecraft:oak_slab":120,"minecraft:crafting_table":2,"minecraft:wooden_pickaxe":2,"minecraft:iron_helmet":1,"minecraft:birch_planks":28,"minecraft:bucket":1,"minecraft:stone_axe":2,"minecraft:bread":90,"minecraft:air":0,"minecraft:jungle_planks":44,"minecraft:oak_boat":1,"minecraft:jungle_door":3,"minecraft:stone_brick_stairs":6,"minecraft:shield":2,"minecraft:stick":32,"minecraft:iron_ingot":16,"minecraft:iron_pickaxe":2,"minecraft:wooden_axe":1,"minecraft:oak_stairs":40,"minecraft:torch":20,"minecraft:shears":1},"minecraft:picked_up":{"minecraft:cocoa_beans":6,"minecraft:crafting_table":14,"minecraft:azure_bluet":1,"minecraft:chicken":13,"minecraft:wooden_pickaxe":1,"minecraft:oak_stairs":3,"minecraft:gold_block":1,"minecraft:string":3,"minecraft:iron_axe":1,"minecraft:raw_copper":39,"minecraft:beetroot":2,"minecraft:beef":6,"minecraft:oak_boat":2,"minecraft:iron_nugget":3,"minecraft:poppy":2,"minecraft:melon_slice":76,"minecraft:egg":6,"minecraft:furnace":3,"minecraft:stick":13,"minecraft:raw_iron":16,"minecraft:torch":1,"minecraft:porkchop":12,"minecraft:pointed_dripstone":1,"minecraft:diorite":38,"minecraft:rotten_flesh":2,"minecraft:hay_block":30,"minecraft:glistering_melon_slice":12,"minecraft:mutton":3,"minecraft:cobblestone":178,"minecraft:white_wool":2,"minecraft:oxeye_daisy":1,"minecraft:birch_log":7,"minecraft:feather":19,"minecraft:jungle_log":11,"minecraft:salmon":1,"minecraft:leather":4,"minecraft:cut_sandstone":1,"minecraft:oak_log":91,"minecraft:lapis_lazuli":13,"minecraft:dirt":391,"minecraft:bone":4,"minecraft:bow":1,"minecraft:kelp":3,"minecraft:stonecutter":1,"minecraft:wheat_seeds":67,"minecraft:stone_pickaxe":1,"minecraft:iron_ingot":6,"minecraft:stone_hoe":1,"minecraft:oak_planks":8,"minecraft:oak_slab":1,"minecraft:chiseled_stone_bricks":7,"minecraft:dandelion":3,"minecraft:white_bed":1,"minecraft:spider_eye":3,"minecraft:stone_axe":2,"minecraft:oak_sapling":1,"minecraft:oak_leaves":83,"minecraft:coal":82,"minecraft:diamond_pickaxe":1,"minecraft:ender_pearl":1},"minecraft:broken":{"minecraft:stone_pickaxe":1,"minecraft:stone_shovel":2},"minecraft:used":{"minecraft:oak_trapdoor":1,"minecraft:flint_and_steel":1,"minecraft:stone_shovel":355,"minecraft:shield":10,"minecraft:cooked_chicken":4,"minecraft:torch":13,"minecraft:dirt":388,"minecraft:jungle_planks":1,"minecraft:wooden_axe":8,"minecraft:lava_bucket":10,"minecraft:iron_axe":16,"minecraft:oak_stairs":19,"minecraft:stone_brick_stairs":1,"minecraft:stone_bricks":14,"minecraft:furnace":5,"minecraft:cooked_beef":5,"minecraft:water_bucket":7,"minecraft:stone_pickaxe":243,"minecraft:oak_planks":156,"minecraft:wooden_pickaxe":52,"minecraft:stonecutter":1,"minecraft:oak_leaves":46,"minecraft:oak_slab":6,"minecraft:crafting_table":14,"minecraft:shears":96,"minecraft:melon_slice":6,"minecraft:bread":30,"minecraft:iron_pickaxe":20,"minecraft:stone_axe":141,"minecraft:chiseled_stone_bricks":29,"minecraft:cobblestone":39,"minecraft:bucket":17,"minecraft:oak_boat":2,"minecraft:kelp":3},"minecraft:mined":{"minecraft:white_bed":1,"minecraft:grass_block":302,"minecraft:jungle_planks":1,"minecraft:jungle_log":5,"minecraft:oxeye_daisy":1,"minecraft:chiseled_stone_bricks":7,"minecraft:hay_block":32,"minecraft:furnace":3,"minecraft:iron_ore":14,"minecraft:fire":11,"minecraft:azure_bluet":1,"minecraft:gold_block":1,"minecraft:dirt_path":2,"minecraft:vine":6,"minecraft:oak_stairs":3,"minecraft:stone":155,"minecraft:oak_slab":1,"minecraft:cut_sandstone":1,"minecraft:dandelion":1,"minecraft:crafting_table":13,"minecraft:melon":15,"minecraft:dead_bush":7,"minecraft:cobblestone":1,"minecraft:tall_grass":40,"minecraft:copper_ore":12,"minecraft:oak_planks":8,"minecraft:diorite":38,"minecraft:wall_torch":1,"minecraft:birch_log":1,"minecraft:grass":334,"minecraft:oak_log":14,"minecraft:coal_ore":50,"minecraft:dirt":81,"minecraft:oak_leaves":99,"minecraft:fern":42},"minecraft:dropped":{"minecraft:wheat_seeds":52,"minecraft:feather":2,"minecraft:oxeye_daisy":1,"minecraft:wooden_axe":1,"minecraft:cut_sandstone":1,"minecraft:string":1,"minecraft:white_wool":2,"minecraft:dandelion":3,"minecraft:bone":1,"minecraft:cocoa_beans":3,"minecraft:beetroot":2,"minecraft:chicken":1,"minecraft:rotten_flesh":2,"minecraft:oak_sapling":1,"minecraft:spider_eye":2}},"DataVersion":3465}