{"stats":{"minecraft:killed_by":{"minecraft:creeper":1},"minecraft:killed":{"minecraft:cave_spider":1,"minecraft:witch":1,"minecraft:spider":1,"minecraft:skeleton":15,"minecraft:chicken":2,"minecraft:drowned":1,"minecraft:pig":2,"minecraft:zombie_villager":1,"minecraft:iron_golem":1,"minecraft:creeper":4,"minecraft:sheep":6,"minecraft:zombie":14,"minecraft:cow":6,"minecraft:enderman":1},"minecraft:custom":{"minecraft:mob_kills":57,"minecraft:interact_with_crafting_table":25,"minecraft:bell_ring":1,"minecraft:leave_game":2,"minecraft:time_since_death":81680,"minecraft:climb_one_cm":206,"minecraft:sprint_one_cm":388393,"minecraft:walk_one_cm":262547,"minecraft:damage_blocked_by_shield":685,"minecraft:drop":40,"minecraft:play_time":91608,"minecraft:deaths":1,"minecraft:sneak_time":3701,"minecraft:walk_under_water_one_cm":4352,"minecraft:jump":2356,"minecraft:walk_on_water_one_cm":30921,"minecraft:total_world_time":91608,"minecraft:interact_with_furnace":24,"minecraft:sleep_in_bed":1,"minecraft:time_since_rest":81710,"minecraft:damage_taken":1496,"minecraft:damage_dealt":9946,"minecraft:swim_one_cm":45385,"minecraft:fly_one_cm":359407,"minecraft:open_chest":20,"minecraft:crouch_one_cm":12903,"minecraft:fall_one_cm":60042},"minecraft:crafted":{"minecraft:wooden_sword":1,"minecraft:oak_planks":236,"minecraft:cooked_chicken":1,"minecraft:furnace":3,"minecraft:iron_axe":1,"minecraft:stone_pickaxe":1,"minecraft:chest":2,"minecraft:wheat":356,"minecraft:cooked_porkchop":5,"minecraft:wooden_pickaxe":1,"minecraft:iron_sword":1,"minecraft:stone_axe":1,"minecraft:bread":120,"minecraft:air":0,"minecraft:iron_chestplate":1,"minecraft:shield":1,"minecraft:stick":252,"minecraft:iron_ingot":27,"minecraft:iron_pickaxe":1,"minecraft:wooden_axe":1},"minecraft:picked_up":{"minecraft:crafting_table":8,"minecraft:wheat":4,"minecraft:chicken":2,"minecraft:smithing_table":2,"minecraft:gold_block":1,"minecraft:string":31,"minecraft:moss_carpet":3,"minecraft:beetroot":2,"minecraft:cobbled_deepslate":20,"minecraft:beef":7,"minecraft:azalea":2,"minecraft:poppy":1,"minecraft:sugar_cane":2,"minecraft:furnace":3,"minecraft:egg":2,"minecraft:stick":13,"minecraft:raw_iron":62,"minecraft:torch":4,"minecraft:porkchop":5,"minecraft:carrot":2,"minecraft:arrow":19,"minecraft:rotten_flesh":23,"minecraft:beetroot_seeds":7,"minecraft:hay_block":43,"minecraft:mutton":10,"minecraft:cobblestone":64,"minecraft:white_wool":7,"minecraft:birch_log":6,"minecraft:feather":3,"minecraft:andesite":1,"minecraft:leather":8,"minecraft:tuff":5,"minecraft:oak_log":354,"minecraft:yellow_bed":5,"minecraft:gunpowder":6,"minecraft:lapis_lazuli":17,"minecraft:bone":16,"minecraft:apple":2,"minecraft:bow":1,"minecraft:wheat_seeds":1,"minecraft:raw_gold":26,"minecraft:iron_ingot":5,"minecraft:moss_block":4,"minecraft:oak_planks":113,"minecraft:white_bed":5,"minecraft:diamond":9,"minecraft:granite":2,"minecraft:bread":32,"minecraft:oak_sapling":5,"minecraft:coal":57,"minecraft:oak_leaves":2},"minecraft:broken":{"minecraft:stone_axe":1},"minecraft:used":{"minecraft:moss_block":2,"minecraft:chest":2,"minecraft:shield":32,"minecraft:iron_sword":138,"minecraft:cooked_chicken":1,"minecraft:torch":2,"minecraft:tuff":4,"minecraft:wooden_axe":14,"minecraft:iron_axe":72,"minecraft:bow":2,"minecraft:oak_sapling":13,"minecraft:furnace":5,"minecraft:beetroot_seeds":2,"minecraft:egg":1,"minecraft:cobbled_deepslate":14,"minecraft:stone_pickaxe":73,"minecraft:oak_planks":49,"minecraft:wooden_pickaxe":8,"minecraft:crafting_table":7,"minecraft:bread":36,"minecraft:iron_pickaxe":145,"minecraft:stone_axe":84,"minecraft:wooden_sword":3,"minecraft:cobblestone":34,"minecraft:cooked_porkchop":1,"minecraft:yellow_bed":2},"minecraft:mined":{"minecraft:tuff":6,"minecraft:white_bed":5,"minecraft:oak_sapling":1,"minecraft:deepslate_diamond_ore":9,"minecraft:cave_vines_plant":1,"minecraft:granite":2,"minecraft:moss_block":2,"minecraft:spawner":1,"minecraft:hay_block":39,"minecraft:furnace":4,"minecraft:iron_ore":36,"minecraft:andesite":1,"minecraft:moss_carpet":2,"minecraft:deepslate_lapis_ore":3,"minecraft:gold_block":1,"minecraft:deepslate_iron_ore":10,"minecraft:azalea":1,"minecraft:stone":54,"minecraft:smithing_table":2,"minecraft:deepslate_redstone_ore":5,"minecraft:crafting_table":8,"minecraft:tall_grass":5,"minecraft:cobblestone":7,"minecraft:deepslate_gold_ore":26,"minecraft:oak_planks":18,"minecraft:sugar_cane":1,"minecraft:birch_log":1,"minecraft:birch_leaves":1,"minecraft:yellow_bed":4,"minecraft:grass":11,"minecraft:coal_ore":29,"minecraft:oak_log":57,"minecraft:beetroots":2,"minecraft:cobweb":36,"minecraft:small_dripleaf":2,"minecraft:oak_leaves":10,"minecraft:deepslate":25},"minecraft:dropped":{"minecraft:moss_block":2,"minecraft:apple":1,"minecraft:stick":251,"minecraft:torch":2,"minecraft:wooden_sword":1,"minecraft:white_wool":2,"minecraft:bone":12,"minecraft:moss_carpet":1,"minecraft:sugar_cane":2,"minecraft:cobbled_deepslate":2,"minecraft:beetroot":2,"minecraft:rotten_flesh":12,"minecraft:oak_planks":2,"minecraft:white_bed":5,"minecraft:carrot":2,"minecraft:poppy":1,"minecraft:hay_block":3,"minecraft:andesite":1,"minecraft:yellow_bed":3,"minecraft:leather_boots":1,"minecraft:azalea":1,"minecraft:wooden_pickaxe":1,"minecraft:oak_leaves":1}},"DataVersion":3465}